{"cameraMode":{"drawMode":0,"name":"Shaded","section":"Shading Mode"},"sceneLighting":true,"audioPlay":false,"sceneViewState":{"showFog":true,"showMaterialUpdate":false,"showSkybox":true,"showFlares":true,"showImageEffects":true,"showParticleSystems":true},"in2DMode":false,"pivot":{"x":243.10870361328126,"y":342.00848388671877,"z":-466.798583984375},"rotation":{"x":0.08089687675237656,"y":0.01974850334227085,"z":-0.0015964055201038719,"w":0.9965415000915527},"size":1.245234489440918,"orthographic":false}