{"cameraMode":{"drawMode":0,"name":"Shaded","section":"Shading Mode"},"sceneLighting":true,"audioPlay":false,"sceneViewState":{"showFog":true,"showMaterialUpdate":false,"showSkybox":true,"showFlares":true,"showImageEffects":true,"showParticleSystems":true},"in2DMode":false,"pivot":{"x":0.49284622073173525,"y":2.3422961235046388,"z":-6.5598931312561039},"rotation":{"x":0.27393198013305666,"y":-0.012680141255259514,"z":0.0036163313779979946,"w":0.9616731405258179},"size":1.245234489440918,"orthographic":false}